'neutral','negative','neutral','neutral','neutral',<negative>,'neutral','neutral','<positive>','neutral','neutral','neutral','positive','positive','neutral','neutral','positive','neutral','neutral','positive','neutral','positive','neutral','neutral',<negative/>,'positive','positive','neutral','neutral','neutral','positive',<negative>,'positive','neutral','positive','neutral','neutral','positive','','<positive>','neutral','neutral','neutral','neutral','positive','neutral','neutral','neutral','negative','neutral','positive','neutral','neutral','positive','positive','neutral','neutral','neutral','negative','neutral','neutral','neutral','neutral','neutral','neutral','neutral','neutral','neutral','<neutral>','neutral','neutral','neutral',<negative>,'neutral',<negative>,'neutral',<negative>,'neutral','neutral'','neutral','neutral','<positive>','','neutral','','neutral','negative',<positive>,<negative>,'neutral','neutral','positive','neutral',"<corporation>Bank of Ã…land</corporation>
<sentimental analysis>neutral</sentimental analysis>",'neutral','neutral',"'neutral'
'neutral'",'neutral','neutral','positive','neutral','positive','neutral','','neutral','neutral','neutral','neutral',<negative>,'neutral','neutral','neutral','neutral','neutral','neutral','positive','positive','neutral','positive','neutral','neutral','neutral','neutral','positive','positive','negative',"'since this text does not mention any corporation specifically, we assume it refers to the main company as ""the circuit""'

'neutral' 

'neutral'",'positive','neutral','neutral','neutral',<negative>,'neutral','positive','','neutral','neutral','positive','neutral','positive','neutral','some what neutral','neutral','neutral','positive','neutral','neutral','neutral','neutral','positive',<negative>,'neutral','neutral','<neutral>','neutral','positive','neutral','positive','neutral','neutral','neutral','<positive>','positive','positive','neutral','neutral','s','negative',<positive>,'positive','positive','positive','neutral','neutral','positive','positive','neutral','positive','positive','neutral','small','neutral','neutral','neutral','positive','neutral','neutral','neutral','neutral','positive',positive,'neutral','negative','positive','True','neutral','neutral',negative',<negative/neutral>,'neutral','neutral','positive','neutral','neutral','neutral','neutral','neutral',<negative>,'neutral','neutral','','neutral','neutral',<negative>,'neutral','positive',<positive>,'neutral','neutral','positive','neutral','neutral','neutral','neutral','neutral','neutral','neutral','neutral','negative',"# Step 1: Identify the main corporation from the article.
Vaisala Oyj (OMX:VAIAS)

# Step 2: Analyze the sentimental analysis (positive / negative / neutral) associated with the main company in the context.
The sentiment is positive as the net profit rose.

# Step 3: Convert the information into output format.
'positive'",'positive','positive','neutral','neutral','neutral','neutral','neutral','neutral','positive','neutral','neutral','neutral','neutral','positive','neutral','neutral','positive','negative','positive','positive','neutral','positive','neutral','positive','neutral','positive','negative','positive','positive','positive','positive','positive',<negative>,'neutral','neutral','positive','neutral','neutral','neutral','neutral','neutral','neutral','neutral','positive','neutral','neutral','neutral','neutral','','neutral','neutral',<negative>,'neutral','neutral','neutral','neutral','positive','neutral','neutral','positive','neutral','neutral','positive','neutral','positive','negative','positive','','neutral','','positive','neutral','positive','','negative','negative','positive','positive','neutral','negative','neutral','neutral','','neutral','positive','neutral',<positive>,'positive','neutral','neutral','neutral','neutral','positive','neutral','positive','neutral','neutral','neutral','neutral','neutral','neutral','neutral','neutral','positive','neutral','neutral','neutral','','neutral','neutral','neutral',<negative>,'neutral','neutral','neutral','neutral','neutral',<positive>,'neutral','neutral','neutral','negative','positive','neutral','neutral','neutral','neutral','positive','neutral','neutral','positive','neutral','neutral','negative','neutral','neutral','negative','neutral','positive','','negative','neutral','neutral','neutral','positive','neutral','neutral','neutral','positive','positive','neutral','neutral','positive','neutral','neutral','neutral','neutral','neutral','neutral',<neutral>,'neutral','neutral','neutral','neutral','neutral','neutral',"'The main corporation is Finnish Talvivaara Mining Co' 

'neutral'

'TLV1V'",'neutral','neutral','','neutral',"<company_name>YIT Corporation</company_name>
<company_name>E AG</company_name>

<negative>

<negative>",'neutral','neutral',<negative>,'neutral','neutral','neutral','neutral','neutral','neutral','neutral',<sentimetal analysis> '','neutral','<neutral>','','neutral','neutral','neutral','neutral','neutral','','neutral','neutral','negative','neutral','neutral','neutral','neutral','neutral','neutral','','neutral','neutral','neutral','neutral','','neutral','negative',<sentimental analysis: ''>,'neutral','neutral','','neutral','neutral','neutral','neutral','start of October 2008','neutral','neutral','','','neutral','neutral','neutral','neutral',<negative>,'neutral','positive','positive','neutral','neutral','positive','neutral','statements','sentimental analysis: neutral',<neutral>,'positive','neutral','neutral',<negative>,'neutral','neutral','neutral','neutral','neutral','neutral','neutral','neutral','neutral','neutral','neutral','neutral','neutral','neutral','neutral','neutral','neutral','negative','neutral','neutral','neutral','neutral','neutral','positive','neutral',<negative>,'neutral','neutral','','neutral','neutral','neutral','negative',<negative>,'neutral',<negative>,'neutral','neutral','neutral','neutral','neutral','neutral','neutral','neutral','neutral','neutral','','neutral','neutral','neutral','neutral','neutral','neutral','neutral','neutral','neutral',<negative>,'positive','neutral',<neutral>,'neutral','<neutral>','','neutral','neutral',"'neutral'
'neutral'
'(no info)'
''",'neutral','negative','negative','positive','neutral','negative','','neutral','neutral','neutral','negative','negative','neutral','neutral','neutral','neutral','neutral','neutral','state','positive','neutral','positive','neutral','positive','neutral','neutral','positive','positive','neutral','','neutral','neutral','neutral','neutral','positive','neutral','neutral','neutral','negative','neutral','neutral',<negative>,'neutral','neutral','neutral','neutral','neutral','neutral','neutral','neutral','neutral','neutral','positive','neutral','neutral','neutral','neutral','positive','neutral','positive','six breweries','positive','neutral','neutral','neutral','positive','negative','neutral','neutral','neutral','positive','','neutral','neutral','neutral','negative','neutral','neutral','neutral','neutral','neutral','neutral','neutral','neutral','negative','','positive','negative',"'The acquisition of Elektros Pavara' 

positive",'neutral','','neutral','neutral','','neutral','negative','positive','negative','neutral','neutral','','neutral','neutral','neutral','neutral','negative','neutral','neutral','negative','neutral','negative','neutral','neutral','neutral','neutral','neutral','neutral','neutral'',<negative>,'neutral','negative','neutral','neutral',<sentimental analysis> '','neutral','neutral','neutral','neutral','neutral','neutral','neutral','negative','negative','neutral','negative','negative','negative','negative','negative','state','negative','negative','neutral','negative','neutral','neutral','negative','','neutral','neutral','neutral','positive','neutral','neutral','positive','','neutral','neutral','negative','negative','negative',<negative>,'negative','positive','positive','positive','neutral','neutral','positive','neutral','neutral','neutral','neutral','neutral','negative','neutral','neutral','positive','neutral','neutral','neutral','positive','positive','neutral','positive','positive','neutral','neutral','negative','neutral','neutral',<sentimetal analysis> positive,'neutral','negative','neutral','','negative','neutral','neutral','neutral','positive','satisfied','positive','neutral','negative','','neutral','positive',<negative>,'neutral','negative','neutral','neutral','neutral','neutral','positive','neutral','neutral','neutral','','neutral','neutral',<positive>,'neutral','positive','neutral','neutral','neutral',<negative>,'neutral','negative','neutral','negative','positive','neutral','positive','positive','positive','positive','positive','neutral','positive','positive','negative','neutral','neutral','neutral','neutral','neutral','','neutral',<negative>,'neutral','neutral','positive','neutral','neutral',<negative>,'','positive','seeking information',"''
 
'neutral'",'neutral','positive','neutral','neutral','neutral','neutral','neutral','neutral','neutral','neutral','','neutral','neutral','neutral','neutral','neutral','neutral','neutral','neutral','neutral','neutral','neutral','neutral','positive','neutral','neutral','neutral','positive','neutral','neutral','neutral','positive','','positive','positive','neutral','negative','neutral','neutral','neutral','neutral','neutral','neutral','positive','neutral','neutral','neutral','neutral','neutral','positive','neutral','neutral','neutral','neutral','neutral','neutral','neutral','neutral','neutral','neutral','sentimental analysis: neutral','positive','positive','neutral','neutral','neutral','positive/neutral','neutral','neutral',<positive>,'neutral','neutral','positive',<positive/negative/neutral>,'neutral','positive','neutral','neutral','neutral'','positive','neutral','positive','positive/neutral','positive','neutral',<neutral>,'neutral','positive','positive','positive','positive','neutral','neutral','neutral','neutral','neutral','neutral','neutral','neutral','neutral','neutral','neutral','neutral','neutral','positive','neutral','neutral','neutral','negative','<neutral>','neutral','neutral','neutral','neutral','','neutral','neutral','neutral','positive','neutral','neutral','neutral','positive','positive','positive','neutral'','neutral','neutral','neutral','<neutral>','positive','neutral','seemingly neutral','neutral','positive',positive,'neutral','neutral','neutral','neutral','neutral','neutral','neutral','positive','neutral','neutral','neutral','neutral','positive','neutral','neutral','neutral','negative','negative','neutral',<negative>,'neutral','neutral','neutral','neutral','positive','positive','positive','neutral','neutral','neutral','neutral','neutral','neutral','','positive','neutral','neutral','positive','neutral','','negative','neutral','neutral','positive','neutral',"'the main corporation:  Poyry 
'neutral'",'neutral','neutral','neutral','neutral','neutral','neutral','support','neutral','neutral','neutral','neutral','neutral','neutral','neutral','','positive','neutral','neutral','neutral','neutral','neutral','neutral','positive','neutral','neutral','neutral','neutral','neutral','neutral','neutral','neutral','neutral','<neutral>','neutral','default','neutral','neutral','neutral','neutral','negative','neutral','','','neutral','<neutral>','neutral','negative','neutral','neutral','neutral','<neutral>','neutral','','neutral','<neutral>','neutral','neutral','','neutral','neutral','neutral',<negative>,'','<neutral>','',<negative>,'neutral','neutral','satisfied','','neutral','','neutral','neutral','neutral','neutral','negative','neutral','','neutral','neutral','<neutral>','neutral','neutral','negative','positive','neutral','neutral','neutral','neutral','neutral','neutral','neutral','<neutral>','neutral','neutral','neutral','neutral','neutral','','neutral','neutral','','neutral','neutral','sentimental analysis: neutral','neutral','neutral','neutral','neutral','s','neutral','negative','','','empty string','','','neutral',<negative>,'sufficient','positive','','neutral','neutral','','neutral','',<negative>,'neutral','neutral','','neutral','neutral','','','neutral','positive','safe','neutral','negative','neutral','neutral','neutral','neutral','positive','negative','secondary','neutral','','neutral','','neutral','positive','neutral','neutral','neutral','neutral','neutral','seemingly neutral','neutral','neutral','neutral','neutral','neutral','neutral','neutral','neutral','neutral','neutral','neutral','neutral','neutral','neutral','small','neutral','','<neutral>','neutral','neutral','',"'string' 

Step 1: Identify the main corporation from the article.
Alldata 

Step 2: Analyze the sentimental analysis (positive / negative / neutral) associated with the main company in the context.
neutral 

Step 3: Convert the information into output format.
'<neutral>'",'neutral','neutral','','statistical','neutral','neutral','','positive','neutral','neutral','starting','neutral','neutral','neutral','stateless','neutral','neutral','strongly positive','neutral','neutral','neutral','neutral','neutral','','neutral','neutral','neutral','neutral','neutral','','neutral','neutral','neutral','neutral','','neutral','neutral','neutral',"'this is not a corporation, no sentiment data available'",'neutral','neutral','neutral','neutral','neutral','neutral','neutral','neutral','neutral','neutral','neutral','neutral','','neutral',<empty>,'neutral','','negative','','neutral','neutral','negative','neutral','third party','neutral','neutral','neutral','neutral','neutral','positive','neutral',<negative>,'neutral','neutral','neutral',<no sentimental analysis>,'neutral','neutral','neutral','neutral','neutral','neutral','neutral','',<negative>,'neutral','','neutral','neutral','','neutral','neutral','neutral','neutral','neutral','neutral','neutral','neutral','neutral','',<empty>,'positive','neutral','','neutral','neutral','<neutral>','<sentimental analysis: neutral>','start','neutral','neutral','positive','neutral','neutral','','neutral','neutral','neutral','neutral','neutral','','','','neutral',positive,'neutral','positive','neutral','neutral','neutral','neutral',<negative>,'neutral',<negative>,'neutral','neutral','neutral','service','','','neutral','neutral',"''
'neutral'
''",'neutral',<negative>,'neutral','neutral','neutral','neutral','neutral','neutral','neutral','neutral','neutral','neutral','','neutral','neutral','neutral','neutral','neutral','neutral','negative','neutral','neutral','neutral','neutral','neutral','neutral','neutral','neutral','neutral','neutral','neutral','neutral','','neutral','neutral','neutral','positive','neutral','neutral','neutral','neutral','neutral','neutral','neutral','neutral','','neutral','neutral','neutral','neutral','neutral','','neutral','','neutral','neutral','neutral','neutral','neutral','neutral','neutral','neutral','neutral','positive','neutral','','neutral','neutral','neutral','','neutral',<neutral>,'neutral','neutral','','neutral','','neutral','neutral','strong',<negative>,'neutral','neutral','neutral','','neutral','neutral',<neutral>,'neutral','neutral','',"''
""neutral""
''",'neutral','neutral','','neutral','','neutral','','neutral','neutral','neutral','negative','neutral','neutral','negative','neutral','neutral','neutral','neutral','neutral','neutral','neutral','','','neutral','','neutral','neutral','neutral','','neutral','neutral','neutral','neutral','negative','<company name: >','neutral','','neutral','neutral','neutral','standard','neutral','','','neutral','neutral','','neutral','neutral','positive','neutral','neutral','neutral','neutral',<negative>,'','positive','neutral','neutral','','neutral','neutral','neutral','neutral','neutral','positive','neutral',<negative>,'positive',"'dave grannan' 

neutral",'','positive','neutral','','neutral','neutral','positive','small',<sentimetal analysis>'','neutral','neutral','negative','positive',<neutral>,'negative','neutral','neutral','','neutral','negative','neutral','','neutral','negative','startup','neutral','neutral','s','negative','neutral',<neutral>,'neutral','neutral','neutral','negative','neutral','neutral','neutral','neutral','','neutral','neutral','neutral','neutral','neutral',<no sentiment analysis>,'neutral','neutral','neutral','neutral','neutral','neutral','<neutral>','neutral','neutral','neutral','neutral','negative','neutral','neutral','neutral','','','negative','',"'startup' 

'neutral'",'negative','neutral','neutral','neutral','','<sentimental analysis: neutral>','neutral','','neutral','neutral',<sentimental analysis: neutral>,'neutral','neutral',<negative>,<positive>,'neutral','','neutral','neutral',<neutral>,'neutral','negative','neutral','neutral','Teknos Group','',<neutral>,'neutral','','positive','neutral','neutral','neutral','neutral','neutral','neutral','','neutral','<neutral>','neutral','neutral','<neutral>','neutral','neutral',<neutral>,'','neutral','stop','neutral',<empty>,'','neutral','neutral','neutral','neutral','neutral','neutral','','neutral','neutral','negative','neutral','neutral','neutral','neutral',<neutral>,'neutral','neutral','neutral','neutral','neutral','','neutral','neutral','neutral','neutral','','<neutral>','neutral','neutral','neutral','neutral','neutral','<neutral>','neutral','negative','neutral',negative,'negative','empty','neutral','neutral','','neutral','neutral','positive','neutral',<''>,'neutral','neutral','neutral','neutral','','neutral',<negative>,'neutral','neutral','','neutral',<negative>,'neutral','neutral','','neutral','neutral','neutral',"<company>Aspo</company>
<negative/positive/neutral> '' 
<sentimetal analysis>''",'neutral','neutral','neutral','neutral','neutral','neutral',<empty>,'neutral','neutral','neutral','','neutral','','neutral','negative',<neutral>,<negative>,'neutral','negative','neutral','neutral','neutral','','neutral','neutral','neutral','neutral','neutral','','neutral','neutral','neutral','neutral','neutral','positive','positive','positive','neutral','neutral','neutral','neutral','neutral','neutral','neutral','neutral','neutral','sentimental analysis: neutral','','neutral','neutral','neutral','neutral','neutral',<negative>,<negative>,'neutral','sentimental analysis: neutral','neutral','neutral','neutral','neutral','neutral','','negative','neutral','neutral','neutral','neutral','','','neutral','positive','positive','neutral','negative','neutral','neutral','neutral','neutral','neutral','neutral','','<neutral>','secondary','neutral','neutral','positive','positive','positive',"'startup'

'neutral'",'positive','positive','neutral',<negative>,'neutral','neutral','positive','neutral','neutral','neutral','neutral','neutral','positive',<sentimental analysis: neutral>,'neutral','neutral','positive','neutral','neutral','neutral','neutral','neutral','neutral','neutral','neutral','neutral',<neutral>,'neutral','neutral','<neutral>','neutral','neutral','neutral','neutral','neutral','neutral','neutral','neutral','positive','neutral','neutral','positive','neutral','negative','neutral','slightly positive','neutral','neutral','negative','','neutral','neutral','neutral','neutral','positive','','negative','','negative','negative','neutral','','neutral','neutral','neutral','','neutral','neutral','neutral','neutral','','positive','neutral','startup','neutral','<neutral>',<neutral>,"''
 
 
'neutral'",'','neutral',<neutral>,'neutral','positive','neutral','neutral',positive,'store','','negative','neutral','neutral','neutral','negative','','neutral','neutral','neutral','neutral','','','neutral','neutral','neutral','Tie','neutral','statement','neutral','neutral','negative','neutral','neutral','neutral','neutral','neutral','neutral','neutral','negative','negative','neutral','neutral','neutral','','neutral','neutral',<negative>,'neutral','neutral','neutral','neutral','neutral','',"'start'

# Step 1: Identify the main corporation from the article.
Main Corporation: None mentioned, as the text does not refer to any specific company.

# Step 2: Analyze the sentimental analysis (positive / negative / neutral) associated with the main company in the context.
Sentimental Analysis: None, as there is no reference to a company or its actions that could evoke a sentiment.

# Step 3: Convert the information into output format.
''",'positive','neutral','','negative','neutral','negative','','neutral','positive','neutral',"'text'

# Step 1: Identify the main corporation from the article.

P&G
 
# Step 2: Analyze the sentimental analysis (positive / negative / neutral) associated with the main company in the context.

neutral
 
# Step 3: Convert the information into output format.
'neutral'",'neutral',"'startup' 

``Russia is participating and it's neutral''


'neutral'",'neutral','positive',<negative>,<sentimetal analysis> '','neutral','neutral','positive','neutral','neutral','neutral',<negative>,'neutral','neutral','neutral','','positive','','neutral','neutral','neutral','positive','neutral','neutral','neutral','neutral',<sentimetal analysis> '','neutral','neutral','neutral','positive','neutral','neutral','','neutral','neutral','','','','neutral','','','neutral','neutral',"''

''

''",'neutral','neutral','neutral','neutral','neutral','neutral','neutral','negative','neutral','positive',<negative>,'neutral','','positive','neutral','neutral','neutral','neutral','neutral','','positive','sentimental analysis: neutral','neutral','neutral','neutral','neutral','negative','','neutral','neutral','neutral','neutral','neutral','neutral','neutral',"Here's the extracted key information in string format:


'negative'",'negative','neutral','neutral','','neutral','neutral','neutral','','neutral','neutral',<negative>,'neutral','','neutral','neutral','neutral','','neutral','','status: blank','','neutral','','neutral','neutral','neutral','neutral',"''
 
 

'neutral'",'s','neutral','neutral','negative','neutral','neutral','neutral',<emotional analysis: neutral>,'neutral','neutral',<negative>,'neutral','negative','neutral','positive','neutral','neutral','neutral','neutral','neutral','neutral','neutral','neutral','neutral','neutral','neutral','neutral',<neutral>,'neutral','neutral','neutral','neutral','start','negative','neutral','neutral','secondary','neutral','neutral','neutral','positive','positive','neutral','positive',"<sales,820000000> 

(Note: I've only extracted the relevant information and put it in the required output format)",'positive',"<negative>
'neutral'",'neutral','neutral','significant','<sentimental analysis: neutral>','neutral','neutral',"<corporation>Verifone</corporation>
<negative / positive / neutral></negative / positive / neutral>

'neutral'",'positive','neutral','neutral','neutral','neutral','neutral','neutral','negative','neutral','neutral','','neutral','neutral','neutral','sentimental analysis: positive','','neutral','neutral','','neutral','neutral','neutral','neutral','neutral','',<sentimental analysis> 'neutral','neutral','neutral','neutral','neutral','neutral',"<negative>

'negative'",'positive','neutral','neutral','neutral','neutral','neutral','neutral','neutral','positive','neutral','neutral','neutral','neutral','neutral','neutral','neutral','neutral','neutral','neutral','neutral','neutral','neutral','neutral','positive','neutral','neutral','neutral','positive','neutral','neutral',"'selected company: Telenor'
'selected company: Elcoteq' 'positive' 
'<sentimetal analysis> positive'",'neutral','neutral','neutral','positive',"<Main Corporation: TeliaSonera>

<N/A>

<Net Sales: 'SEK 91 bn'>

<EBITDA: 'SEK 32.266 bn'>

<Net Income: 'SEK 19.28 bn'>",<negative>','negative','neutral','neutral','neutral',"''
'neutral'
''",<negative>,'<sentimental analysis: neutral>','neutral','negative','neutral','positive','<neutral>','negative','neutral','positive',<positive>,'neutral','neutral','neutral','neutral','neutral','neutral','','neutral','neutral','neutral','neutral','neutral','neutral','neutral','negative','neutral','neutral','neutral','neutral','neutral','neutral',<negative>,'neutral','neutral','neutral','neutral','neutral'','neutral','positive','positive','','neutral','neutral','neutral','neutral','neutral',<sentimetal analysis> '','neutral','neutral','neutral','negative','neutral','positive',<negative>,'neutral','neutral','neutral','neutral','neutral','neutral','neutral','neutral','neutral','neutral','neutral','neutral','neutral','neutral','sequentially increasing','neutral','neutral','neutral','neutral','neutral','strong','neutral','negative','neutral','neutral','neutral','neutral','','neutral','neutral','neutral',<positive>,'','','neutral','neutral','neutral','neutral','neutral',<positive>,'neutral','neutral','neutral','neutral','neutral','neutral','neutral','neutral','positive','neutral',"'neutral'

'positive'

'13,000'","'neutral'
'billion'
'' (empty value)
'' (empty value)
'thousand'",'neutral','neutral','neutral','neutral','positive','neutral','','neutral','positive','neutral',"''
'neutral'
''",'neutral','neutral','neutral','',<none>,'neutral','','neutral','negative','negative','neutral','neutral','neutral','neutral','neutral','neutral','neutral','','neutral','negative','neutral','neutral','neutral','neutral','neutral','neutral',<sentimental analysis: neutral>,'positive','positive','neutral','neutral','neutral','neutral','neutral','neutral','neutral','positive','positive','neutral','neutral','positive','neutral','neutral','neutral','neutral','positive','negative',negative,'neutral','neutral','neutral','neutral','','negative','neutral','positive','positive','neutral','neutral','positive','positive','','positive','neutral','neutral','positive','neutral','down','neutral','neutral','','neutral','neutral','',<none>,'neutral','neutral','neutral','neutral','neutral','neutral','neutral','negative','neutral','neutral','neutral','neutral','neutral','','neutral','neutral','','neutral','some 55','','neutral','neutral','','neutral','','neutral','<neutral>','neutral','neutral','neutral','negative',<negative>,'neutral','neutral','neutral','',<negative>,'positive','negative',<negative>,'neutral','','neutral',"'neutral'
'neutral'
''",'neutral','negative','neutral','negative','neutral','neutral','neutral','neutral','start','','negative','','neutral','neutral','neutral','neutral','neutral','neutral','neutral'','neutral','neutral','neutral'',<sentimental analysis>: '','neutral','','','','neutral','neutral','neutral','neutral','neutral','neutral','neutral','neutral','neutral','neutral','neutral','neutral','neutral','','neutral','neutral','neutral','','neutral','neutral','neutral','neutral','neutral','neutral','spring 2006','neutral','negative','neutral','neutral','neutral','neutral','neutral','secondary','','neutral','neutral','','positive','neutral','neutral','neutral','<sentimental analysis: neutral>','','neutral','<sentimental analysis>','neutral','neutral','neutral','neutral','neutral','strictly neutral','neutral','neutral','neutral','neutral','neutral','neutral','','neutral','neutral','neutral','neutral','neutral','neutral',"<company_name>YIT Oyj</company_name>

<sentimental_analysis>neutral</sentimental_analysis>",'','negative','negative','neutral','neutral','neutral','negative','neutral','neutral','neutral','negative','neutral','neutral',<neutral>,'neutral','neutral','neutral','negative','neutral','neutral','','','neutral',<negative>,'neutral','neutral','neutral',"'s'
'neutral'",'neutral','neutral','','neutral','neutral','neutral','','neutral','neutral','',<negative>,'neutral','neutral','neutral',<negative>,<negative>,'neutral','neutral','neutral','neutral','','neutral','neutral','neutral','neutral','neutral',<neutral>,'neutral','neutral','','neutral','neutral','','neutral','','neutral','neutral',"Raute Oyj
'neutral'",'neutral','<positive>','neutral','neutral','','','neutral','neutral','neutral','neutral','neutral','neutral','neutral','','neutral','neutral','neutral','neutral','neutral','neutral','neutral','','neutral','neutral','','neutral','neutral','neutral','neutral','negative','neutral','','neutral','','','neutral',"'positive/negative/neither/unknown'

'sentiment not mentioned'
'neutral' 

'positive/negative/neither/unknown'",'neutral',<empty string>,<none>,<negative>,'neutral','neutral','neutral','neutral','neutral','neutral','neutral','neutral','neutral','neutral','strong','status','neutral','neutral','neutral','neutral','','neutral','positive/negative/neutural','neutral','neutral','neutral','neutral','neutral'','','','undetermined','neutral','neutral','neutral','neutral','sentiment not applicable','neutral','neutral','neutral','','neutral','neutral','neutral','neutral','neutral','neutral','neutral','neutral','neutral','neutral','positive','neutral','neutral',<negative>,'neutral','neutral','neutral','neutral','neutral',<negative>,'neutral','neutral','','neutral','neutral','','neutral','neutral','neutral','','neutral','','','','neutral','neutral','neutral','neutral','neutral','neutral','','neutral','','neutral','','neutral','','neutral','','','neutral','neutral','neutral','neutral','','','neutral','','neutral','','positive/negative/neutral','neutral','neutral','neutral'',<neutral>,'','neutral','','neutral','neutral','','','neutral','neutral','neutral','neutral','','neutral','neutral','neutral','neutral','neutral','neutral','neutral','neutral','neutral','neutral'',<empty>,'',"''
'neutral'",'neutral','neutral','','neutral',"'startup' 

The main corporation from the article is 'Tikkurila'.

neutral

startup",'neutral','<neutral>','neutral','neutral','sentiment: neutral','neutral','statements about Tieto','neutral','','neutral','neutral','neutral','neutral','neutral','neutral','','neutral','','neutral','neutral','','neutral','neutral','neutral','neutral','neutral','neutral','neutral','neutral','neutral','neutral','','neutral','neutral','neutral','neutral',negative,'neutral','neutral','neutral','neutral','neutral','neutral','sentimetal analysis: neutral','neutral','neutral','neutral',"''
'neutral'",'neutral','neutral','neutral','neutral','neutral','neutral','neutral','neutral','neutral','neutral','neutral','neutral','negative','neutral','neutral','neutral','negative','neutral','negative','neutral','neutral','neutral','neutral',<negative>,'neutral','','','neutral','neutral','','neutral','neutral','neutral','neutral','neutral','neutral','neutral','neutral','neutral','neutral','neutral','neutral','neutral','positive',<negative>,'neutral','neutral','neutral'','neutral','start','neutral'','neutral','',<empty>,'neutral','neutral','neutral','neutral',<positive>,'negative','negative','neutral','neutral','negative','','','neutral','neutral','neutral','','neutral','neutral','neutral','neutral','neutral','neutral','',"'startup' 

Step 1: Aspocomp is identified as the main corporation from the article.

The sentiment analysis associated with Aspocomp is neutral since there is no indication of any positive or negative sentiment towards the company. The information given does not mention layoffs or negative events, but rather an agreement and a business transaction, which suggests a neutral tone. 

Step 3: Converting the information into output format as instructed.",'negative','neutral','neutral','neutral','neutral','neutral','neutral','neutral','start','neutral',"'listed on multiple exchanges: LSE, NYSE, EPA and CUSIP'",'neutral','neutral','neutral','neutral','neutral','negative','','neutral',<negative>,'neutral','neutral','negative','neutral','positive',<negative>,'neutral','negative',"Since the text does not mention any corporation, I will indicate that as follows:

''",'negative','neutral','neutral','','neutral','neutral','neutral','<neutral>','sentimental analysis: neutral','neutral','neutral','neutral',"'neutral, ,,'","'Synosia Therapeutics Holding AG' 
positive",'<Sector: Construction-Real Estate; Machinery-Engineering>','neutral','neutral','neutral','neutral','neutral','neutral','','neutral','neutral','','positive/neutral',<sentimental analysis>'','negative','negative','neutral','','neutral','neutral',"'sequential information'

'neutral'",'','neutral','neutral','neutral','seconds','neutral','neutral','','neutral',"''
'neutral'",'','neutral','neutral','','none','','neutral',<neutral>,'neutral','neutral','neutral','neutral','neutral','neutral','neutral','neutral','neutral','neutral','neutral','neutral','neutral','neutral','neutral','neutral',<Neutral>,'neutral',<negative>,<negative>,'neutral','neutral','neutral','negative','neutral','neutral','neutral','neutral','neutral','neutral','neutral','<positive>','neutral','','neutral','neutral','neutral','neutral','neutral','<sentimental analysis: neutral>','neutral','neutral','neutral','neutral','selected','','neutral','neutral','neutral','neutral','neutral',"'steel' 

'neutral' 

'steel neutral'",'neutral','neutral','neutral','neutral','neutral','neutral','neutral','neutral','','neutral','neutral','neutral','neutral','','neutral','neutral','negative','neutral','neutral','neutral',<negative>,'neutral','neutral','neutral','neutral','neutral','neutral','negative','neutral','neutral','neutral','neutral','neutral','neutral','positive','','neutral','neutral','neutral','neutral','neutral','neutral','startup','does not apply','neutral','neutral','','neutral','','neutral','neutral','neutral','neutral','neutral','neutral','neutral','neutral',<sentimental analysis> neutral,'neutral','','neutral','neutral','negative','neutral','neutral','neutral','neutral','positive','neutral','neutral','neutral','','<sentimetal analysis>'','neutral','neutral','neutral','neutral','neutral','neutral','neutral','neutral','neutral','neutral','negative','neutral','neutral','neutral','','neutral','neutral','neutral','neutral','Not disclosed','neutral','neutral','neutral','neutral','neutral','neutral','neutral','','neutral','neutral','neutral','neutral','','neutral','neutral','neutral','neutral','neutral','','neutral','','','','positive','neutral','neutral','neutral','neutral','','neutral','neutral',<none>,'neutral','','neutral','neutral','neutral','neutral','neutral','neutral','neutral','neutral','neutral','neutral','neutral','neutral','neutral','neutral','neutral','neutral','neutral','neutral','neutral','neutral','','neutral','neutral','neutral','neutral',<neutral>,'neutral','neutral','neutral','neutral','neutral','neutral','neutral','neutral','neutral','neutral','neutral','negative',<neutral>,'neutral','neutral','neutral','neutral','neutral','neutral','neutral','',<sentimental analysis: neutral>,'neutral','neutral','neutral','','neutral','neutral','neutral',<negative>,'neutral','neutral','neutral','negative','neutral','neutral','neutral','neutral','neutral','neutral','neutral','neutral','neutral',<positive>,'neutral','neutral','neutral','neutral','neutral','neutral','neutral','neutral','neutral','neutral','neutral','neutral','neutral','neutral',<sentimental analysis: neutral>,'neutral','neutral','neutral','','','neutral','neutral','neutral','','neutral','','neutral','neutral','neutral','neutral','','neutral','','positive','','','positive',<negative>,'neutral','neutral','neutral','neutral','','neutral','','neutral','neutral','neutral','<neutral>','','neutral','neutral','neutral','neutral','neutral','neutral','neutral','neutral','neutral',"'neutral'

'positive'

'The Company serves approximately 3000 customers in over 100 countries.'",'neutral','neutral','','neutral','neutral','neutral','positive','neutral','neutral','neutral','neutral','neutral','','neutral','neutral','neutral','','neutral','neutral','neutral','neutral','','neutral','neutral',<negative>,'neutral','neutral','<positive>','neutral','','','','','neutral','','neutral','',<negative>,'neutral','neutral','negative','','','neutral','neutral','neutral','neutral','neutral','neutral','neutral','neutral','','neutral','neutral','',<negative>,'neutral','neutral','neutral','neutral',"''
'neutral'",'neutral','neutral','','','','','','','neutral','neutral','neutral',"'neutral'
'Teleste, DINH Telecom'",'neutral','neutral','','<neutral>','<neutral>',"''
 

'neutral'

''",'neutral','neutral','neutral','','neutral','negative','neutral','negative',<empty>,'','','neutral','neutral','neutral','neutral','neutral','neutral','neutral','neutral','neutral','neutral','neutral','neutral','neutral',<neutral>,'neutral',<sentimental analysis> '','neutral','neutral','neutral','neutral','','neutral','','neutral','neutral','neutral','','neutral','neutral',<neutral>,'neutral',<neutral>,'','neutral','neutral','neutral','','',<negative>,'neutral','neutral','neutral','neutral','neutral','neutral','','neutral','neutral','neutral','neutral','neutral','','neutral','neutral','neutral','neutral','neutral','','neutral','neutral','','neutral','neutral','neutral','positive','neutral','','neutral','neutral','neutral','','','neutral','','none','neutral','neutral','neutral','neutral','neutral','neutral','neutral','neutral','','neutral','','neutral','','neutral'','neutral','neutral','neutral','','','neutral','','positive','neutral','','','neutral','','negative','neutral','positive','<sentimental analysis: neutral>','n/a','','neutral',<neutral>,'neutral',<neutral>,'','neutral','','neutral',"''

#### Note: No corporation is mentioned in the given text.",'','neutral','neutral','neutral','neutral','<neutral>','neutral',<empty string>,'neutral','neutral','neutral','neutral','neutral','','neutral','neutral',<positive/neutral>,'neutral','neutral','neutral','unknown','','neutral','neutral','neutral',<neutral>,'neutral','<positive>','','neutral','neutral','neutral','neutral','neutral','neutral','neutral','neutral','','neutral','neutral',<neutral>,'s','neutral','positive','small','','neutral','neutral','neutral','neutral','neutral',<neutral>,'','neutral','neutral','neutral','neutral','positive','neutral','neutral','negative',<negative>,'neutral','neutral','neutral','to be determined','neutral','neutral','trade','startup',"`` 
'neutral'
```",'neutral','neutral','neutral','neutral','neutral','neutral','neutral','neutral','','negative','','<sentimental analysis: none>','','neutral',<positive / neutral / negative>,'negative',"<nominal value:1.35> 
<company:Citycon> 
<>","<buy, neutral>",'<sentimental analysis: neutral>','neutral','neutral','neutral','neutral','neutral','neutral',"<Main Corporation: Basware>
<Sentimental Analysis: neutral>",'neutral','neutral','neutral','neutral','neutral','neutral','neutral','neutral','neutral','neutral','neutral','neutral','','neutral','neutral','neutral','neutral','neutral','neutral','neutral','neutral','neutral','neutral','neutral','neutral','neutral','','','neutral','neutral','neutral','neutral','neutral','neutral','negative','neutral','neutral','neutral','neutral','neutral','neutral','positive','neutral','neutral','','neutral','neutral','neutral','neutral','neutral','neutral','neutral','','neutral','neutral',<neutral>,'neutral','neutral','neutral','neutral','','','neutral',<negative>,'neutral','neutral','neutral','neutral','neutral','neutral','neutral','neutral','neutral','neutral','neutral','neutral',<positive>,'negative','neutral',<negative>,'neutral','negative','neutral','neutral','neutral','neutral','','neutral','neutral','neutral','negative','neutral','neutral','<neutral>','neutral','neutral','neutral','neutral','neutral','neutral','neutral','positive','neutral','neutral','','neutral','neutral','neutral',"'neutral'

or 

''

if no value",'neutral',"'neutral,3.398 million,48.012 million'",'neutral','neutral','neutral','negative','state','','neutral','',<empty>,'neutral','neutral','neutral','',"<Company Name>Orion Corporation</Company Name>
<sentimental analysis>negative</sentimental analysis>",'neutral','neutral','neutral','neutral','','','neutral','neutral','negative','neutral','neutral','neutral','neutral','','<neutral>','neutral','neutral','neutral','neutral','neutral','neutral','neutral',<negative>,'neutral','neutral','neutral','neutral','neutral','neutral','neutral',<negative>,'neutral','neutral','neutral','neutral','neutral','negative','neutral','neutral','neutral','neutral','neutral','neutral','neutral','','neutral',negative,'neutral','neutral','neutral','neutral','negative','neutral','s','neutral','neutral','neutral','neutral','neutral','neutral','neutral','','neutral','neutral','neutral','neutral','neutral','neutral','neutral','neutral'','neutral','neutral','startup','neutral','neutral','',"''
'neutral''",'','positive','positive','neutral','neutral',negative,'negative','neutral',<negative>,'neutral','','neutral','','neutral','neutral','neutral','neutral',"<Main Corporation: Quartal Oy>
<Sentimental Analysis: neutral>",'neutral'','neutral',<negative/neutral>,positive,'neutral','neutral','neutral','neutral','there is no corporation mentioned','neutral','neutral','neutral','neutral',<negative>,'neutral','neutral','neutral','neutral','neutral','neutral','neutral','neutral','neutral','strong neutral','neutral'','neutral','neutral','neutral','neutral','','neutral',<negative>,'',<negative>,'neutral','negative','neutral','neutral','neutral','neutral','neutral','neutral','',"''
'neutral'
''",'neutral','neutral','neutral','neutral','neutral','','','','','neutral','neutral','neutral','','neutral'','neutral','neutral','neutral','neutral','neutral','neutral','neutral','statistics','neutral','neutral','positive','neutral','neutral','neutral','neutral','negative','neutral','neutral','neutral','neutral','neutral','neutral','','neutral','neutral','neutral','neutral','','neutral','neutral','','neutral','neutral','neutral','neutral','','neutral',<sentimental analysis>'',<neutral>,'neutral','neutral','','negative','neutral','neutral','neutral',"''
 
'neutral'
 
''",'neutral','neutral',<empty>,'neutral','neutral','neutral','neutral','neutral','neutral',<negative>,'neutral','n/a','','neutral','neutral',"'neutral'
'Forssa'",'<neutral>','neutral','','','neutral','neutral','neutral','neutral',<negative>,"'neutral'
'39.2 million'
'3.9 million'",'neutral',<no sentiment analysis>,'neutral','neutral','','neutral','neutral','neutral','neutral','positive','neutral','neutral','neutral',<sentimental analysis>'','neutral',<neutral>,'','neutral','','neutral','','negative','neutral','','neutral','neutral','neutral','neutral','neutral','neutral','neutral','neutral','select','neutral','neutral','negative','neutral','negative','','neutral','neutral','neutral','neutral','negative',<neutral>,'neutral','neutral','','neutral','neutral','neutral','neutral','neutral','','neutral','neutral','','','neutral','','neutral','neutral','neutral','','negative','neutral','','','neutral','neutral','neutral','','neutral','neutral','neutral','neutral','neutral','neutral','','neutral','neutral','<sentimental analysis: neutral>','neutral','negative','neutral','','neutral','neutral','neutral','positive','','neutral','positive','','neutral','<sentimental analysis>','neutral','neutral','neutral',<negative>,'','neutral','neutral','negative','neutral','negative','neutral','neutral','<positive>','neutral','neutral','neutral',<positive>,'neutral','neutral','neutral','positive','neutral','neutral','neutral',"''

However, I need a text input to perform the extraction. Please provide the text for me to extract key information from.

If you provide the text, I'll follow the steps and output in the specified format.

Note: Please provide a new text related to a corporation listed on NASDAQ or Dow Jones.",'neutral','neutral','negative','neutral','neutral','neutral','neutral','neutral','neutral','neutral','neutral','neutral','neutral','neutral','neutral','neutral','neutral','neutral','neutral','neutral',<negative>,'','negative','negative','neutral','neutral','neutral',<positive>,'neutral','neutral','neutral'','neutral','neutral','negative','neutral','neutral',<negative>,'negative','negative','negative','negative','negative','','neutral','neutral','<neutral>','neutral','neutral','neutral','neutral','negative','neutral','neutral','negative','neutral','negative','neutral','neutral','neutral','neutral','negative','neutral','negative','neutral','neutral','neutral','neutral','negative','neutral','neutral','neutral','neutral','negative','negative','negative','neutral','negative','<sentimental analysis: negative>','negative','neutral','neutral','neutral','negative','negative','neutral','neutral','neutral','neutral','neutral','negative','negative','negative','negative','neutral','neutral','negative','neutral','negative','positive','neutral','neutral','neutral','neutral',<sentimental analysis> neutral,'neutral','','','neutral','positive',"''
""neutral'""",'neutral','neutral','neutral','neutral','positive','neutral','neutral','neutral','positive','neutral','neutral','neutral','neutral','-','neutral',negative,'neutral',negative,'neutral','default','neutral','','neutral','neutral','negative','neutral','','','','neutral','neutral','neutral',<negative>,'neutral','neutral','neutral',<sentimental analysis>neutral</sentimental analysis>,'neutral','negative','neutral','neutral','neutral','neutral','to be determined',<neutral>,'','neutral','','neutral','','neutral','neutral','<sentimental analysis: neutral>','','neutral',<sentimetal analysis>'','neutral','neutral','neutral','neutral','','neutral','neutral','neutral',<positive>,'positive','neutral','neutral','negative','neutral','neutral','neutral','neutral','neutral','neutral','','neutral','neutral','neutral','neutral','','neutral','neutral','neutral','slightly negative','neutral','neutral','negative','negative','neutral','neutral','','neutral','neutral','neutral','neutral','neutral','neutral','neutral','neutral','neutral','neutral','neutral','neutral','neutral','','','neutral','neutral','neutral','negative','','neutral','neutral','neutral','neutral','neutral','stay','<sentimental analysis: neutral>','neutral','neutral','','negative','neutral','neutral','neutral','neutral','<neutral>','','neutral','<positive>','negative','neutral','neutral','neutral','neutral','neutral','','neutral','neutral','','neutral','neutral','','neutral','s','neutral','','neutral','neutral','neutral',"''
 
'neutral'",'neutral','neutral','neutral','','neutral','neutral','neutral','','','neutral','neutral','situation description','','','',None,'neutral','neutral','','','neutral','s','neutral','neutral','neutral',<neutral>,'negative','neutral','neutral','negative','','neutral','seutral','neutral','neutral','neutral','neutral','','neutral','negative','neutral','','neutral',"'the company Tornio Works' 

''",'neutral','',<sentimental analysis>'','neutral','neutral','','neutral','','neutral','','<neutral>','neutral','negative','neutral','','negative','','neutral','neutral','neutral','neutral','neutral','neutral',<sentimental analysis> '',"''
''",'neutral',<positive>,'neutral','','neutral','neutral','neutral','stolen','neutral','','','neutral','neutral','neutral','neutral','negative','neutral','neutral','neutral','','neutral','negative','neutral','neutral','neutral','neutral','neutral','neutral','neutral','neutral','','','neutral','','<neutral>','','neutral','neutral','neutral','neutral','neutral',<neutral>,'neutral','neutral','','neutral','neutral',<positive>,'neutral','','neutral','neutral','neutral','','neutral','negative','neutral','neutral','neutral','sentimental analysis: neutral','neutral','neutral','neutral','neutral','neutral','negative','neutral','negative','neutral','neutral','',"'<sentimental analysis>'

# Step 1: Identify the main corporation from the article.
There is no mention of a specific corporation in the given text.

# Step 2: Analyze the sentimental analysis (positive / negative / neutral) associated with the main company in the context.
The text has a negative tone, implying that something nefarious had occurred.

# Step 3: Convert the information into output format.
'negative'",'neutral','','neutral',"''
'neutral'",'neutral','neutral','','neutral',<negative>,'neutral','negative','neutral',"'start'

'neutral'",'negative','neutral','negative','neutral','neutral','standard','neutral','neutral','neutral','neutral','negative','negative','neutral','negative','neutral','starting','negative','','negative','neutral','neutral','neutral','neutral','neutral','negative','negative','neutral','negative','neutral','negative','neutral','neutral','neutral','neutral','','neutral','neutral','negative','neutral','negative','neutral','neutral','neutral','','neutral','neutral','negative','negative','neutral','neutral','negative','negative','neutral','','negative','','neutral','neutral','neutral','neutral','neutral','neutral','neutral','neutral','positive','neutral','neutral','neutral','neutral','neutral','','neutral','neutral',<negative>,'','neutral','neutral','neutral','neutral','neutral','neutral','neutral','neutral','neutral','s','neutral','neutral','neutral','positive',<negative>,<sentimental analysis> '','neutral',positive,'neutral','neutral','','neutral','neutral','positive','neutral','neutral','positive','','positive','neutral','neutral','neutral','neutral',<negative>,'neutral',"Method 
Ruutana ,  is 
'string'",'neutral','neutral','neutral','','','neutral','neutral','neutral','','','there is no information about a specific corporation','','neutral','small business limitation','neutral','neutral','','negative','','neutral','neutral','neutral','There is no main corporation mentioned','neutral','neutral','negative','','negative',negative,<neutral>,'neutral','neutral','neutral','','neutral',<empty>,'negative','neutral','neutral','','neutral','negative','neutral','','neutral','neutral','negative','neutral','negative','neutral','to be determined','negative','neutral','neutral','neutral','neutral','','neutral','negative','neutral','neutral','neutral','neutral','','neutral','neutral','neutral','','neutral','','neutral','neutral','neutral','neutral','negative','neutral','neutral','neutral','neutral','neutral','neutral','negative','neutral','neutral','neutral','neutral','neutral',<negative>,'neutral','neutral','negative','neutral','neutral','neutral',<neutral>,'neutral','neutral','neutral','neutral'','<sentimetal analysis> ','neutral','negative','','negative',<neutral>,'negative','','','neutral','',"'<sentimetal analysis>'

# Step 1: Identify the main corporation from the article.
The main corporation mentioned in the text is GyPSii.

# Step 2: Analyze the sentimental analysis (positive / negative / neutral) associated with the main company in the context.
The sentiment towards GyPSii's platform and its CEO, Harple, appears to be neutral or informative, as the text provides a description of their service without any emotional tone.

# Step 3: Convert the information into output format.
'neutral'",'negative','neutral','neutral','neutral','neutral','','neutral','neutral','','neutral','neutral','neutral','neutral','','neutral','negative','neutral','negative','negative','neutral','neutral','neutral','negative','negative','neutral','neutral','neutral','negative','negative','neutral','neutral','neutral','neutral','neutral','neutral','neutral','neutral','neutral','neutral','neutral','neutral','neutral','','neutral','neutral','neutral',<negative>,'negative','neutral','neutral','neutral','negative','neutral','neutral','neutral','neutral','negative','negative','negative','negative','negative','negative','neutral','neutral','neutral','neutral','negative','negative',negative,'negative','negative',<empty>,'neutral','negative','neutral','neutral','neutral','neutral','neutral','negative','neutral','negative','neutral','neutral','neutral','neutral','negative','neutral','neutral','neutral','neutral','neutral','neutral','neutral','negative','neutral','neutral','neutral','neutral','<sentimental analysis: neutral>','','neutral','neutral','neutral','neutral'','neutral','neutral','neutral','neutral','neutral','','neutral','negative','neutral','neutral',<negative>,'negative','negative',<negative>,'neutral','neutral','neutral','','neutral','neutral','negative','negative','negative','neutral','neutral','neutral','negative','neutral','neutral','neutral','neutral','neutral','neutral','neutral','neutral','neutral','neutral','neutral','negative','negative','neutral','neutral','neutral','<neutral>','neutral','this company seems not to be directly related with NASDAQ or Dow Jones','neutral','negative','neutral','positive','positive',"'none'

'neutral'

''",'neutral','neutral','neutral','negative','neutral','neutral','neutral','neutral','neutral','negative','neutral','positive','neutral','neutral','neutral','neutral','neutral','neutral','neutral','negative','neutral','neutral','neutral','neutral'','neutral','neutral','neutral','negative',<negative>,'','','','neutral','','negative','neutral',<neutral>,'neutral','negative','neutral','negative','negative','storene','neutral','neutral','neutral','neutral','neutral','neutral','neutral','negative','negative',<sentimental analysis> 'neutral','<sentimental analysis: neutral>','','neutral','neutral','neutral','negative','neutral','neutral',<sentimental analysis: neutral>,'negative','neutral','negative','','','neutral','neutral','neutral'
